,Semt,Mahalle,Tür,Oda Sayısı,Binanın Yaşı,Binanın Kat Sayısı,Bulunduğu Kat,Brüt Metrekare,Banyo Sayısı,Wc Sayısı,Site İçerisinde,Isıtma Tipi,Fiyat
0,8,305,0,2,7,3,17,34,2,1,0,8,195000
1,2,108,0,4,0,3,6,74,2,1,0,4,965000
2,3,281,0,2,2,3,6,39,1,2,0,4,575000
3,31,234,0,7,6,6,21,92,2,3,0,4,1600000
4,13,11,0,1,7,31,7,34,1,1,1,7,580000
5,3,267,0,1,7,3,18,23,1,1,0,4,325000
6,24,262,0,2,1,3,4,44,1,2,0,4,420000
7,8,70,0,4,0,14,12,67,2,1,0,4,245000
8,4,30,0,4,4,13,9,64,1,1,1,8,1610000
9,21,294,0,2,7,3,16,26,1,1,0,4,365000
10,13,190,0,7,6,4,21,112,3,3,0,4,435000
11,13,53,0,2,3,4,9,61,1,1,0,4,375000
12,14,204,0,2,6,3,4,53,1,1,0,4,625000
13,7,42,0,2,1,14,3,74,1,1,1,7,1600000
14,3,281,0,2,0,4,6,39,1,1,0,4,675000
15,24,177,0,2,7,3,4,34,1,0,0,4,315000
16,4,269,0,1,4,4,16,18,1,1,0,4,650000
17,13,202,0,2,3,4,4,64,1,1,0,4,285000
18,11,180,0,4,4,3,4,81,1,2,1,4,600000
19,8,70,0,2,3,6,9,61,2,3,0,4,365000
20,8,57,0,2,0,14,3,42,2,1,0,7,300000
21,8,245,0,2,0,5,2,66,1,1,0,4,575000
22,32,85,0,2,7,4,4,44,1,0,0,4,525000
23,8,70,0,4,0,14,13,67,1,1,0,4,259000
24,13,70,0,2,5,9,12,39,1,1,0,4,539000
25,24,175,0,2,0,3,18,64,1,1,0,4,258000
26,13,120,0,2,3,5,16,49,2,2,0,8,119500
27,8,48,0,7,2,13,3,116,3,2,1,4,1350000
28,30,102,0,2,4,3,6,30,1,1,0,4,675000
29,2,108,0,4,7,3,16,67,1,2,0,4,550000
30,15,295,0,4,4,4,4,70,1,1,0,4,770000
31,4,269,0,2,6,4,18,44,1,1,0,4,1125000
32,32,271,0,2,7,12,9,44,1,1,0,7,745000
33,8,245,0,1,0,5,16,30,1,1,0,4,239500
34,13,206,0,2,3,5,4,53,1,1,0,4,193000
35,33,185,0,2,0,3,4,18,1,1,0,4,750000
36,21,29,0,4,2,8,13,68,1,1,1,7,1040000
37,21,29,0,2,7,21,9,71,2,2,1,7,1420000
38,14,296,0,2,4,4,4,34,1,1,0,4,625000
39,3,304,0,2,4,4,4,30,1,1,0,4,330000
40,16,138,0,2,0,17,12,24,1,1,1,7,875000
41,13,262,0,4,1,4,4,79,1,1,0,4,409000
42,13,53,0,4,0,8,11,67,1,1,0,4,399000
43,18,2,0,4,4,11,11,61,1,1,0,7,890000
44,13,33,0,2,6,5,16,67,1,1,0,4,190000
45,13,202,0,2,0,4,4,53,1,1,0,4,315000
46,24,90,0,4,1,2,2,61,2,2,0,4,545000
47,8,70,0,4,1,4,6,83,2,2,0,4,569000
48,8,70,0,1,1,12,3,28,1,1,0,4,399000
49,8,70,0,2,1,4,6,57,2,2,0,4,459000
50,8,70,0,2,1,13,9,79,2,2,0,4,619000
51,13,172,0,4,3,5,6,67,2,1,0,4,240000
52,22,22,0,4,4,3,4,74,2,2,0,4,829000
53,23,242,0,2,0,7,11,34,1,1,0,4,523000
54,28,3,0,2,2,4,18,39,1,1,0,4,349000
55,24,79,0,4,6,7,11,85,2,2,0,7,1025000
56,28,3,0,2,0,0,18,34,1,1,0,4,460000
57,16,52,0,4,2,4,17,53,1,1,0,4,295000
58,18,2,0,4,4,9,13,74,1,1,0,8,1570000
59,3,220,0,4,4,5,1,67,1,1,0,4,575000
60,7,23,0,4,0,2,2,64,1,1,0,4,520000
61,16,174,0,2,4,4,10,44,1,1,0,4,370000
62,13,49,0,4,0,4,0,64,1,1,0,4,299000
63,3,281,0,4,7,3,6,67,2,1,0,4,789000
64,13,197,0,2,0,4,4,44,1,1,0,4,289000
65,13,202,0,2,0,4,4,44,1,1,0,4,275000
66,13,131,0,4,6,4,4,77,1,1,0,8,419000
67,13,197,0,2,0,4,4,53,1,1,0,4,335000
68,13,190,0,2,0,4,4,44,1,1,0,4,285000
69,13,282,0,4,0,4,4,77,2,1,0,4,399000
70,13,299,0,2,5,19,11,53,1,1,0,4,359000
71,13,282,0,2,0,4,4,53,1,1,0,4,289000
72,8,245,0,2,0,3,4,49,1,1,0,4,439000
73,16,52,0,2,0,4,2,30,1,1,0,4,650000
74,28,3,0,2,6,4,16,49,1,1,0,4,275000
75,7,23,0,2,0,3,18,34,1,1,0,4,340000
76,14,118,0,2,7,4,2,34,1,1,0,4,490000
77,4,31,0,1,0,16,10,37,1,1,1,7,1450000
78,13,214,0,2,3,4,18,53,1,1,0,4,275000
79,13,206,0,2,3,7,2,53,1,1,0,4,225000
80,24,207,0,4,5,3,4,70,1,2,0,4,435000
81,13,70,0,2,3,4,2,53,1,1,0,4,180000
82,13,170,0,1,0,10,10,8,1,1,1,4,265000
83,8,70,0,4,0,14,11,67,1,2,0,4,239000
84,13,282,0,7,7,3,6,110,2,1,0,4,569000
85,13,214,0,7,7,3,6,101,2,1,0,4,430000
86,31,179,0,4,7,3,4,67,2,1,0,4,647500
87,24,262,0,2,6,3,4,34,1,1,0,4,360000
88,3,304,0,4,2,4,21,89,2,2,0,4,995000
89,13,267,0,4,0,16,3,81,1,0,1,7,350000
90,3,220,0,2,0,4,18,34,1,1,0,4,589000
91,2,24,0,8,7,2,21,105,2,1,0,4,850000
92,6,47,0,2,4,6,10,61,1,1,0,4,275000
93,13,120,0,2,1,4,2,53,1,1,0,4,170000
94,8,57,0,4,0,14,11,67,1,2,0,4,240000
95,13,206,0,4,3,4,2,67,2,1,0,4,255000
96,8,70,0,2,0,20,14,57,2,1,0,4,259000
97,13,292,0,2,0,3,4,44,1,2,0,4,335000
98,13,120,0,2,0,5,16,39,1,1,0,4,219000
99,2,188,0,4,2,3,18,67,1,1,0,4,430000
100,24,197,0,6,7,3,21,87,2,1,0,4,500000
101,3,267,0,2,4,3,9,44,1,1,0,4,325000
102,7,116,0,2,3,3,16,30,1,1,0,4,280000
103,32,299,0,6,7,4,21,80,2,3,0,4,830000
104,23,119,0,2,2,4,18,34,1,1,0,4,280000
105,18,173,0,2,0,8,12,39,2,1,0,8,1075000
106,13,299,0,4,7,4,1,70,1,1,0,4,385000
107,8,8,0,4,6,3,4,79,2,1,0,4,797500
108,8,48,0,4,2,13,12,87,2,1,0,4,970000
109,32,159,0,4,2,25,3,82,2,2,0,4,1450000
110,32,191,0,4,2,7,2,70,2,3,0,4,700000
111,7,42,0,4,3,4,18,92,1,1,0,4,835000
112,13,257,0,2,0,17,12,49,1,1,1,4,580000
113,11,181,0,6,7,2,20,115,2,2,0,4,1350000
114,3,267,0,2,0,3,6,33,1,1,0,4,580000
115,8,245,0,4,3,4,9,67,2,1,0,4,300000
116,3,267,0,6,0,3,9,81,2,2,0,4,780000
117,8,70,0,4,1,7,6,67,1,1,0,4,327000
118,32,218,0,2,5,12,14,23,1,1,0,7,830000
119,13,267,0,4,3,15,9,89,2,1,0,7,990000
120,8,143,0,4,0,6,10,67,1,2,0,4,240000
121,13,262,0,4,7,3,9,70,1,1,0,4,395000
122,7,42,0,4,7,7,18,81,2,1,0,4,850000
123,25,166,0,1,7,28,13,23,1,1,1,7,1500000
124,13,286,0,1,7,6,10,14,1,1,1,7,310000
125,3,220,0,4,2,4,18,61,1,1,0,4,560000
126,24,262,0,2,0,5,4,39,1,2,0,4,400000
127,24,253,0,2,5,3,4,44,1,1,0,4,379000
128,13,90,0,2,6,5,2,49,1,1,0,4,330000
129,13,120,0,2,3,5,2,53,1,1,0,4,379000
130,13,200,0,2,3,5,18,44,1,1,0,4,329000
131,13,53,0,1,7,9,9,20,1,1,1,4,345000
132,13,120,0,2,3,4,10,53,1,1,0,4,369000
133,18,205,0,2,4,4,9,34,1,1,0,4,425000
134,13,200,0,1,7,13,6,18,1,1,1,7,350000
135,13,120,0,4,0,5,2,77,1,1,0,4,562000
136,13,53,0,2,0,4,6,53,1,1,0,4,259000
137,13,286,0,4,0,4,4,83,1,1,0,4,447000
138,13,254,0,4,3,4,9,79,1,1,0,4,379000
139,13,202,0,1,0,13,6,34,1,1,1,7,280000
140,13,257,0,4,0,4,6,77,1,1,0,4,485000
141,21,29,0,2,2,10,3,29,1,2,1,4,740000
142,7,144,0,2,7,24,5,46,1,1,1,7,685000
143,32,27,0,1,7,2,16,8,1,1,0,4,235000
144,26,251,0,2,7,4,10,49,1,1,0,4,545000
145,8,70,0,2,1,4,4,53,2,1,0,4,299000
146,8,70,0,2,1,4,6,57,2,1,0,4,469000
147,4,209,0,2,4,4,9,36,1,1,0,4,448000
148,24,90,0,4,5,2,2,74,1,1,0,4,450000
149,28,3,0,2,5,4,6,39,1,1,0,4,570000
150,3,252,0,2,7,3,9,26,1,1,0,4,465000
151,29,201,0,2,0,2,16,49,2,1,0,4,1250000
152,23,119,0,4,4,4,2,61,1,1,0,4,357500
153,13,154,0,1,1,23,3,31,1,1,0,7,425000
154,13,40,0,2,2,8,9,76,2,1,0,7,1100000
155,6,148,0,2,0,12,9,34,1,1,0,4,720000
156,31,36,0,12,0,4,10,108,2,1,0,4,865000
157,12,58,0,4,4,4,9,70,1,1,0,4,457000
158,2,72,0,2,4,4,18,53,1,1,0,4,250000
159,3,219,0,7,0,3,9,95,2,1,0,4,1049000
160,3,252,0,2,4,3,2,44,1,1,0,4,295000
161,3,267,0,1,7,4,18,23,1,1,0,4,239000
162,3,267,0,1,7,4,18,23,1,1,0,4,239000
163,8,143,0,4,0,5,2,74,2,1,0,4,729000
164,5,142,0,2,4,3,9,64,1,1,0,4,275000
165,29,37,0,2,0,10,11,44,2,2,0,7,550000
166,3,267,0,4,0,3,6,67,1,1,0,4,800000
167,3,281,0,2,4,4,16,34,1,1,0,4,258000
168,0,285,0,4,0,4,2,57,1,2,0,4,750000
169,28,162,0,2,7,4,16,30,1,1,0,4,220000
170,6,110,0,4,7,2,6,67,1,1,0,4,530000
171,8,143,0,2,0,3,2,93,2,1,0,4,1250000
172,23,230,0,1,0,9,16,18,1,1,1,7,345000
173,12,71,0,2,4,4,10,64,1,2,0,4,465000
174,31,36,0,11,0,4,2,103,3,1,0,4,755000
175,21,70,0,6,4,3,6,106,2,1,0,4,550000
176,3,219,0,6,0,3,9,87,2,1,0,4,1200000
177,21,171,0,3,5,3,6,79,3,1,0,4,565000
178,3,219,0,2,0,3,16,23,1,1,0,4,365000
179,21,29,0,2,4,12,9,34,1,1,1,7,600000
180,19,109,0,2,0,17,3,53,1,1,0,7,1250000
181,28,162,0,2,7,4,2,39,1,1,0,4,525000
182,6,0,0,2,4,3,4,64,1,1,0,0,325000
183,28,162,0,2,0,4,4,53,1,1,0,4,560000
184,28,162,0,1,0,4,9,34,0,1,0,4,380000
185,28,162,0,7,0,4,21,99,2,2,0,4,830000
186,18,64,0,4,4,3,6,70,1,2,0,4,1350000
187,32,133,0,2,4,3,6,39,1,2,0,4,359500
188,28,262,0,2,7,4,16,34,2,1,0,4,319000
189,24,12,0,4,0,2,22,74,1,1,0,4,520000
190,8,8,0,4,7,11,10,92,2,2,1,4,1450000
191,8,8,0,4,7,11,9,92,2,2,1,4,1450000
192,31,36,0,2,6,5,2,26,1,2,0,4,303000
193,8,70,0,2,6,7,6,70,2,1,0,8,469000
194,5,187,0,5,7,4,10,95,2,1,0,4,1200000
195,5,142,0,2,2,4,18,39,1,1,0,4,595000
196,21,171,0,2,2,3,9,70,2,1,0,4,265000
197,3,219,0,2,6,4,18,27,1,1,0,4,530000
198,1,300,0,4,2,2,18,74,2,2,0,4,665000
199,31,36,0,2,0,6,10,39,1,1,0,4,429000
200,24,90,0,6,0,2,21,79,2,1,0,4,560000
201,3,219,0,4,0,3,6,70,1,1,0,4,785000
202,3,219,0,2,0,3,18,23,1,1,0,4,440000
203,3,219,0,2,4,4,16,23,1,1,0,4,235000
204,7,23,0,2,0,3,4,44,1,1,0,4,525000
205,7,116,0,7,0,3,21,87,2,2,0,4,835000
206,19,131,0,2,0,14,6,49,1,0,0,7,630000
207,24,253,0,2,3,3,4,53,1,1,0,4,378500
208,31,70,0,4,7,8,6,84,2,1,0,4,740000
209,32,189,0,5,6,3,9,83,3,1,0,4,1490000
210,13,200,0,1,0,8,11,26,1,1,0,8,450000
211,7,116,0,2,3,3,16,26,1,1,0,4,260000
212,16,131,0,2,0,2,18,34,1,1,0,10,500000
213,21,171,0,4,2,6,10,74,1,1,0,4,290000
214,3,267,0,2,5,4,2,39,1,1,0,4,630000
215,3,95,0,2,4,2,6,34,1,1,0,4,345000
216,3,267,0,2,4,4,4,34,1,1,0,4,290000
217,3,267,0,2,4,4,16,30,1,1,0,4,155000
218,3,219,0,4,0,4,10,61,2,1,0,4,960000
219,3,219,0,1,4,4,18,11,1,1,0,4,255000
220,14,76,0,6,4,2,2,92,1,1,0,4,1050000
221,31,70,0,2,7,3,9,34,2,2,0,4,450000
222,21,29,0,2,2,13,3,53,2,2,0,4,1560000
223,3,281,0,2,6,3,6,26,1,1,0,4,520000
224,7,144,0,2,7,12,0,30,1,1,0,7,529900
225,31,36,0,2,6,3,2,34,2,1,0,4,425000
226,32,82,0,4,2,4,0,64,2,2,0,4,765000
227,7,116,0,7,0,2,6,101,2,1,0,4,750000
228,21,33,0,2,2,6,6,44,1,1,0,4,234000
229,5,142,0,2,7,4,16,30,1,1,0,4,365000
230,5,142,0,2,7,4,18,34,1,1,0,4,575000
231,33,70,0,2,4,3,4,26,1,1,0,4,579000
232,13,11,0,1,2,28,3,9,1,1,0,7,370000
233,16,301,0,1,0,4,17,18,1,1,0,4,250000
234,16,141,0,2,7,4,18,26,1,1,0,4,255000
235,31,17,0,2,0,3,4,44,2,2,0,4,475000
236,13,286,0,2,6,5,4,44,1,1,0,4,335000
237,3,219,0,2,7,4,18,61,1,1,0,4,829000
238,21,33,0,2,7,3,4,39,2,2,0,4,435000
239,14,284,0,2,6,8,12,53,1,1,0,4,770000
240,18,89,0,4,1,11,11,57,2,1,0,7,1600000
241,13,53,0,2,0,4,6,53,1,2,0,4,257000
242,21,171,0,2,2,6,10,30,1,1,0,4,195000
243,21,29,0,4,4,16,3,61,1,1,1,7,810000
244,21,29,0,4,4,16,3,61,1,1,1,7,810000
245,18,81,0,2,0,9,12,34,1,1,0,7,1620000
246,13,262,0,2,7,4,4,39,1,1,0,4,290000
247,2,288,0,11,0,4,21,103,3,1,0,4,1400000
248,2,174,0,2,4,3,18,34,1,1,0,4,350000
249,2,69,0,5,7,3,21,81,2,1,0,4,680000
250,11,134,0,8,4,2,19,114,2,1,0,4,1100000
251,2,69,0,2,0,3,2,49,1,1,0,4,650000
252,2,69,0,2,0,3,18,26,1,1,0,4,550000
253,2,69,0,2,4,3,2,26,1,1,0,4,270000
254,2,69,0,2,2,3,18,18,1,1,0,4,225000
255,2,69,0,2,4,4,18,26,1,1,0,4,330000
256,2,288,0,4,0,4,2,67,2,1,0,4,800000
257,15,295,0,4,4,4,4,70,1,1,0,4,770000
258,5,152,0,4,4,4,2,61,1,1,0,4,530000
259,11,203,0,2,2,7,11,77,1,1,0,4,1120000
260,3,41,0,2,4,3,18,39,1,1,0,4,1000000
261,23,119,0,2,2,4,10,53,1,2,0,4,269500
262,31,70,0,2,0,3,2,44,2,2,0,4,440000
263,24,253,0,4,6,6,11,79,2,2,0,4,669000
264,21,29,0,4,2,5,18,79,1,2,0,7,1225000
265,8,70,0,2,0,4,4,61,1,2,0,4,320000
266,18,91,0,1,0,4,2,12,1,1,0,3,880000
267,10,87,0,1,0,4,18,7,1,1,0,3,730000
268,14,19,0,2,5,10,9,61,1,1,0,7,840000
269,10,56,0,1,0,4,18,12,1,1,0,3,850000
270,18,63,0,1,5,10,4,10,1,1,0,7,1550000
271,32,299,0,2,7,4,16,23,1,2,0,4,259000
272,31,174,0,2,0,5,6,32,1,1,0,4,445000
273,8,245,0,2,0,4,4,53,2,1,0,4,440000
274,18,196,0,2,4,4,1,34,1,1,0,4,800000
275,3,252,0,4,7,3,6,64,1,1,0,4,625000
276,3,220,0,2,6,4,16,32,1,1,0,4,250000
277,18,155,0,2,4,3,2,44,1,1,0,4,795000
278,18,208,0,7,4,1,4,102,2,2,0,4,1260000
279,12,90,0,1,6,3,16,14,1,1,0,4,170000
280,3,131,0,8,6,3,22,97,2,1,0,4,800000
281,32,82,0,5,2,4,21,93,2,1,0,4,915000
282,28,65,0,4,2,6,2,74,1,1,0,4,420000
283,8,70,0,2,0,4,4,61,2,3,0,4,315000
284,21,171,0,2,2,3,4,44,2,2,0,4,235000
285,21,29,0,2,4,13,13,44,1,2,1,7,680000
286,20,277,0,4,0,5,10,61,1,1,0,4,675000
287,25,34,0,1,7,28,10,25,1,1,0,7,1040000
288,11,117,0,7,4,1,4,114,3,1,1,4,1360000
289,20,277,0,2,0,6,6,53,1,1,0,4,565000
290,15,67,0,2,4,3,6,44,1,1,0,4,470000
291,14,19,0,4,7,4,4,57,2,1,0,4,775000
292,3,131,0,4,2,3,9,67,1,1,0,4,680000
293,29,248,0,6,0,3,9,83,2,1,0,4,765000
294,35,168,0,2,0,4,21,67,1,1,0,4,950000
295,25,149,0,2,4,3,4,67,1,1,0,4,925000
296,2,108,0,4,4,3,18,67,1,1,0,4,400000
297,12,58,0,4,0,13,11,86,2,1,0,4,995000
298,24,88,0,2,5,3,4,34,1,1,0,4,480000
299,18,6,0,4,0,4,2,61,2,2,0,4,1225000
300,21,235,0,1,5,11,10,11,1,0,1,7,665000
301,6,161,0,4,7,2,4,61,1,1,0,4,650000
302,31,234,0,1,1,3,18,23,1,1,0,4,230000
303,12,90,0,4,4,3,9,69,2,1,0,4,395000
304,5,142,0,2,0,4,16,30,1,1,0,4,395000
305,28,3,0,2,0,4,2,46,1,2,0,4,760000
306,24,253,0,2,0,5,10,49,2,1,0,4,459000
307,24,175,0,2,7,3,6,23,1,1,0,4,325000
308,32,82,0,2,2,3,6,39,2,2,0,4,545000
309,3,219,0,1,4,4,16,14,1,1,0,1,165000
310,19,263,0,2,7,7,10,34,1,1,0,4,499000
311,16,131,0,2,4,4,18,44,1,1,0,4,365000
312,21,33,0,4,2,4,10,67,2,2,0,4,300000
313,35,98,0,4,4,3,4,50,1,1,0,4,575000
314,13,40,0,2,1,20,10,32,1,1,0,4,680000
315,3,219,0,1,4,4,16,10,1,1,0,1,165000
316,32,82,0,4,2,4,6,57,2,1,0,4,695000
317,11,70,0,6,4,8,13,100,1,1,0,4,1150000
318,29,248,0,4,2,2,4,74,2,2,1,4,865000
319,35,60,0,4,4,3,9,67,1,1,0,4,680000
320,16,265,0,4,1,17,6,79,2,1,0,7,1025000
321,3,252,0,2,4,3,6,39,1,2,0,4,420000
322,16,135,0,2,0,4,16,39,1,1,0,4,440000
323,11,70,0,5,4,2,6,106,2,1,0,4,800000
324,31,17,0,4,0,3,2,74,2,2,0,4,620000
325,31,17,0,6,0,3,9,90,2,2,0,4,700000
326,15,13,0,2,4,4,18,16,1,1,0,4,390000
327,34,121,0,1,3,3,18,30,1,1,0,4,465000
328,11,186,0,4,2,4,10,74,1,1,0,4,440000
329,4,31,0,1,6,15,11,24,1,1,0,7,1400000
330,32,82,0,2,2,4,16,30,1,2,0,4,255000
331,18,155,0,4,4,9,2,70,2,2,0,8,890000
332,35,2,0,1,4,3,16,18,1,1,0,4,525000
333,11,203,0,4,0,4,2,80,2,2,0,4,650000
334,13,120,0,4,0,3,4,74,1,1,0,4,320000
335,13,26,0,2,0,4,18,44,1,1,0,4,145000
336,13,294,0,2,0,3,2,49,1,1,0,4,190000
337,3,267,0,2,2,3,18,23,1,1,0,4,240000
338,31,171,0,4,7,3,18,61,1,1,0,4,475000
339,0,25,0,4,6,4,18,57,2,1,0,4,290000
340,13,232,0,5,7,4,10,74,2,2,0,4,350000
341,35,168,0,2,1,5,4,32,1,1,0,4,700000
342,14,296,0,2,4,4,18,53,1,1,0,4,630000
343,21,29,0,4,2,15,3,74,1,2,1,4,1085000
344,16,265,0,1,7,3,18,18,1,1,0,4,260000
345,14,296,0,2,0,4,4,30,1,1,0,4,580000
346,28,65,0,2,2,4,16,39,1,1,0,4,195000
347,22,291,0,4,4,4,16,70,1,1,0,4,825000
348,33,185,0,2,4,3,6,26,1,1,0,4,405000
349,8,113,0,13,4,1,20,111,4,1,0,1,1550000
350,3,151,0,2,6,4,16,34,1,2,0,4,400000
351,31,125,0,4,7,3,22,79,1,1,0,4,415000
352,3,267,0,2,0,4,18,39,1,1,0,4,460000
353,4,269,0,2,4,4,18,34,1,1,0,4,500000
354,14,76,0,4,4,3,2,67,1,2,0,4,750000
355,21,29,0,1,6,24,10,9,1,1,0,8,475000
356,33,185,0,4,4,3,17,49,1,1,0,4,450000
357,3,151,0,2,2,2,21,66,2,3,0,4,490000
358,15,183,0,4,4,4,6,61,1,1,0,4,1350000
359,24,33,0,4,7,3,18,70,1,1,0,4,325000
360,28,65,0,2,2,4,4,49,1,1,0,4,465000
361,28,65,0,2,0,4,16,49,1,1,0,4,340000
362,28,240,0,2,6,12,3,53,1,1,0,4,875000
363,21,294,0,2,7,3,2,39,1,1,0,4,600000
364,14,284,0,2,0,6,6,30,1,1,0,4,750000
365,14,136,0,2,0,9,10,39,2,1,0,7,585000
366,28,240,0,7,0,4,21,95,2,2,0,4,825000
367,22,270,0,2,6,2,18,44,1,1,0,4,298000
368,22,270,0,2,7,3,2,34,1,1,0,4,495000
369,26,251,0,4,7,5,9,77,2,1,0,7,870000
370,26,251,0,4,4,5,6,70,1,1,0,4,365000
371,32,27,0,2,0,3,16,34,1,1,0,4,450000
372,27,7,0,2,6,6,2,34,1,1,0,7,545000
373,8,245,0,2,0,4,2,49,2,1,0,4,650000
374,13,267,0,2,6,4,9,44,1,1,0,4,353000
375,13,15,0,2,6,4,4,49,1,1,0,4,387500
376,23,10,0,2,7,4,10,34,1,1,0,4,328000
377,23,41,0,4,7,4,6,67,2,1,0,4,970000
378,29,195,0,2,7,3,2,30,1,1,0,4,330000
379,12,179,0,4,2,3,2,64,1,1,0,4,919000
380,16,301,0,7,7,2,6,97,2,2,0,4,850000
381,10,100,0,2,4,6,10,53,1,1,0,4,1250000
382,13,120,0,2,7,14,3,53,1,1,0,4,675000
383,8,8,0,2,7,11,10,77,2,1,0,4,925000
384,31,125,0,2,7,2,2,61,2,2,0,4,485000
385,17,130,0,4,4,4,4,70,1,1,0,4,750000
386,33,179,0,2,4,3,9,30,1,1,0,4,625000
387,22,291,0,4,7,4,6,61,1,1,0,4,1100000
388,3,304,0,6,5,4,10,95,1,1,0,0,1480000
389,16,250,0,2,2,2,6,44,1,1,0,4,440000
390,22,291,0,2,5,3,16,14,1,1,0,4,720000
391,23,283,0,2,1,9,2,49,1,1,1,4,570000
392,22,22,0,2,4,3,9,44,1,1,0,4,665000
393,13,267,0,4,0,21,4,75,2,2,1,7,1050000
394,8,245,0,2,1,5,4,53,1,1,0,4,192000
395,15,150,0,5,2,3,21,79,2,2,0,4,1200000
396,31,125,0,4,7,3,2,61,2,1,0,4,455000
397,2,188,0,1,1,5,10,30,1,1,0,4,145000
398,33,92,0,2,0,4,9,44,1,1,0,4,849000
399,2,288,0,4,4,3,2,53,1,1,0,4,535000
400,8,70,0,4,1,7,11,67,2,1,0,4,284000
401,23,194,0,2,7,3,18,30,1,2,0,4,240000
402,8,70,0,2,7,3,17,34,2,1,0,8,210000
403,23,106,0,2,0,4,10,34,1,1,0,4,385000
404,6,266,0,2,4,3,2,34,1,1,0,4,279000
405,31,179,0,7,0,4,9,95,2,2,0,4,989999
406,24,169,0,6,2,3,21,97,2,2,0,4,786000
407,33,41,0,4,4,3,6,77,1,1,1,8,835000
408,33,290,0,2,4,4,22,44,1,1,0,4,480000
409,8,8,0,4,1,11,2,79,2,1,0,4,1235000
410,23,156,0,2,6,6,16,53,2,1,0,7,975000
411,25,268,0,6,4,5,9,104,5,1,0,8,1600000
412,28,240,0,4,2,4,2,67,1,2,0,4,425000
413,22,68,0,1,4,10,18,44,1,1,0,4,410000
414,8,245,0,4,0,5,2,74,2,1,0,4,789000
415,24,5,0,14,6,9,11,6,1,1,0,10,325000
416,23,283,0,2,5,8,4,39,1,1,1,4,580000
417,13,120,0,2,5,24,5,53,2,1,0,4,559000
418,13,120,0,4,3,3,18,83,1,1,0,7,840000
419,13,120,0,2,7,3,18,49,1,1,0,4,215000
420,3,219,0,4,4,4,10,61,1,1,0,4,450000
421,18,2,0,4,4,8,12,80,1,1,0,8,1265000
422,3,267,0,2,7,3,4,30,1,1,0,4,465000
423,8,8,0,4,4,10,10,79,1,1,0,4,700000
424,3,267,0,1,7,3,18,23,1,1,0,4,325000
425,31,222,0,1,0,2,16,8,1,1,0,4,215000
426,2,24,0,2,4,3,2,44,1,0,0,4,340000
427,16,265,0,2,4,3,16,34,1,1,0,4,335000
428,8,245,0,4,0,6,10,67,1,1,0,4,248000
429,24,79,0,2,7,10,13,42,2,1,0,8,945000
430,23,156,0,2,0,6,9,120,1,1,0,4,750000
431,31,125,0,2,2,4,18,39,1,1,0,4,280000
432,23,251,0,2,7,6,2,44,1,1,0,4,740000
433,23,127,0,6,6,8,9,83,2,1,0,7,1550000
434,3,219,0,7,4,4,10,100,2,1,0,4,900000
435,14,83,0,2,6,3,15,74,2,1,0,4,415000
436,13,26,0,11,7,3,9,114,3,1,0,4,1100000
437,14,204,0,4,2,3,16,23,1,1,0,4,245000
438,14,83,0,7,7,4,10,92,2,2,0,4,755000
439,3,41,0,4,4,3,6,61,1,1,0,8,940000
440,3,95,0,2,4,5,4,67,1,1,0,4,555000
441,22,22,0,4,7,3,9,87,2,2,0,4,1100000
442,17,14,0,2,4,3,9,39,1,1,0,4,435000
443,14,83,0,3,6,2,6,67,4,2,0,4,539000
444,31,17,0,2,0,4,2,30,2,2,0,4,530000
445,23,74,0,4,4,6,4,64,1,1,0,7,450000
446,6,294,0,4,4,4,6,61,1,1,0,4,290000
447,17,130,0,6,4,4,10,79,3,1,0,4,840000
448,21,33,0,1,6,3,16,14,1,1,0,4,230000
449,3,267,0,1,7,3,18,18,1,1,0,4,235000
450,20,277,0,2,4,5,9,34,1,1,0,4,279000
451,22,20,0,2,7,3,2,34,2,2,0,4,875000
452,31,77,0,2,0,4,18,30,1,1,0,4,260000
453,7,144,0,2,5,28,3,66,2,1,0,7,1565000
454,3,267,0,2,0,3,4,26,1,1,0,4,365000
455,3,267,0,2,0,3,4,26,1,1,0,4,365000
456,13,120,0,1,3,3,16,22,1,1,0,4,147500
457,24,262,0,6,6,3,9,83,2,1,0,4,610000
458,21,294,0,4,6,3,4,53,1,2,0,4,559000
459,13,26,0,2,3,4,4,53,1,1,0,4,285000
460,2,108,0,4,2,4,6,79,1,1,0,4,475000
461,15,137,0,2,4,5,18,34,1,1,0,4,450000
462,21,294,0,1,4,2,6,14,1,1,0,4,165000
463,3,41,0,2,5,2,2,34,1,1,0,4,1200000
464,20,277,0,4,4,4,9,67,1,1,0,4,335000
465,17,174,0,2,4,3,6,53,1,2,0,4,485000
466,21,124,0,2,0,3,4,30,1,1,0,4,559000
467,15,18,0,2,4,5,10,26,1,1,0,4,500000
468,23,145,0,2,1,2,4,51,1,1,0,4,500000
469,21,294,0,4,1,3,9,74,2,2,0,4,580000
470,13,44,0,2,6,4,4,44,1,1,0,4,280000
471,3,131,0,4,4,3,9,79,2,1,0,4,615000
472,35,123,0,2,7,10,6,53,1,1,0,4,700000
473,24,207,0,2,0,3,4,30,2,1,0,4,479000
474,24,5,0,2,0,3,4,39,1,1,0,4,435000
475,1,256,0,4,4,6,10,64,1,1,0,4,725000
476,24,207,0,2,6,3,4,34,1,1,0,4,350000
477,4,302,0,2,4,2,18,61,1,1,0,4,1100000
478,31,222,0,2,3,4,2,41,2,1,0,4,475000
479,21,171,0,2,7,3,22,23,1,1,0,4,27000
480,7,42,0,4,1,26,4,87,2,1,0,7,1340000
481,32,171,0,4,7,11,12,57,1,1,0,4,672500
482,15,39,0,1,4,3,17,34,1,1,0,8,300000
483,9,122,0,2,4,3,6,34,2,1,0,4,360000
484,21,29,0,1,7,18,3,29,1,1,0,7,1150000
485,11,33,0,2,2,3,4,39,1,1,0,4,650000
486,35,248,0,1,7,6,1,18,1,1,0,4,175000
487,15,39,0,2,4,3,18,30,1,1,0,4,340000
488,10,238,0,1,4,4,16,18,1,1,0,4,465000
489,22,158,0,2,4,3,4,34,1,1,0,4,695000
490,31,171,0,4,0,3,6,64,1,1,0,4,710000
491,31,171,0,2,0,3,18,39,1,1,0,4,519000
492,20,107,0,2,4,4,9,34,1,1,0,4,330000
493,7,54,0,4,2,9,9,64,1,1,1,4,1100000
494,10,184,0,1,4,4,18,14,1,1,0,4,385000
495,15,210,0,1,4,2,18,14,1,1,0,1,285000
496,24,211,0,6,7,4,10,81,2,1,0,4,680000
497,29,38,0,1,7,13,18,11,1,1,0,7,445000
498,23,303,0,4,7,3,9,81,2,2,0,4,699000
499,21,107,0,2,4,4,16,44,1,1,0,4,195000
500,31,275,0,2,0,3,22,30,1,1,0,4,339000
501,3,219,0,2,5,4,6,49,1,1,0,4,750000
502,17,130,0,2,4,4,6,30,1,1,0,4,330000
503,17,111,0,4,2,2,2,61,1,2,0,4,685000
504,18,173,0,2,4,4,4,44,1,1,0,4,1200000
505,22,22,0,4,6,3,6,67,1,1,0,4,990000
506,22,291,0,4,4,3,6,77,2,1,0,8,1150000
507,13,262,0,2,6,4,2,39,1,1,0,4,350000
508,8,245,0,2,6,17,3,61,1,1,0,4,499000
509,21,107,0,2,7,2,4,34,1,1,0,4,750000
510,13,214,0,2,7,5,4,53,1,1,0,4,270000
511,8,70,0,4,0,7,6,70,1,2,0,4,225000
512,8,143,0,4,0,5,6,72,1,2,0,4,490000
513,8,57,0,1,0,6,4,33,1,1,0,4,125000
514,8,70,0,2,0,4,6,49,1,2,0,4,353000
515,17,14,0,2,4,3,2,39,1,1,0,4,550000
516,3,41,0,4,4,2,4,74,1,1,0,8,1150000
517,21,250,0,2,7,1,16,23,1,1,0,4,245000
518,24,262,0,2,5,3,6,34,1,1,0,4,359000
519,24,90,0,2,0,3,9,53,1,1,0,4,428000
520,24,90,0,4,0,3,4,61,2,1,0,4,545000
521,33,61,0,4,2,3,4,64,1,2,0,4,800000
522,17,174,0,2,4,3,18,44,1,1,0,4,315000
523,6,294,0,2,4,4,9,44,1,1,0,4,285000
524,31,171,0,7,0,4,21,92,3,2,0,4,1099000
525,23,242,0,2,7,3,9,39,1,2,0,4,427000
526,23,303,0,2,3,6,6,39,2,2,0,4,530000
527,14,103,0,2,2,3,18,67,2,2,0,4,890000
528,1,300,0,6,6,4,10,90,3,1,0,4,1290000
529,19,32,0,4,1,22,13,77,2,1,0,7,1335000
530,33,280,0,4,4,3,6,64,2,1,0,4,820000
531,20,174,0,4,2,4,10,61,2,1,0,4,600000
532,8,143,0,2,0,3,6,53,2,1,0,4,719000
533,8,143,0,2,0,3,9,61,1,1,0,4,590000
534,16,212,0,2,7,10,12,56,1,1,0,7,950000
535,16,212,0,2,7,10,10,55,1,1,0,7,800000
536,22,22,0,1,6,3,18,10,1,1,0,7,575000
537,22,22,0,4,4,5,10,61,1,1,0,4,920000
538,24,197,0,2,5,4,18,61,1,1,0,4,262000
539,13,53,0,2,7,5,16,44,1,1,0,4,245000
540,13,202,0,2,0,5,6,44,1,1,0,4,360000
541,0,262,0,5,0,4,10,92,2,1,0,4,490000
542,32,299,0,2,0,8,2,25,1,1,0,4,675000
543,32,299,0,2,0,8,2,25,1,1,0,4,675000
544,13,232,0,2,0,5,4,34,1,1,0,4,284000
545,13,200,0,2,0,5,2,44,1,1,0,4,305000
546,13,26,0,2,3,5,2,34,1,1,0,4,269000
547,13,177,0,2,0,3,16,53,1,1,0,4,139000
548,8,245,0,2,6,4,6,44,1,1,0,4,465000
549,24,175,0,5,0,2,6,74,2,1,0,4,490000
550,13,262,0,2,0,4,4,44,1,1,0,4,330000
551,27,7,0,8,0,2,6,81,2,1,0,4,685000
552,21,107,0,2,7,2,18,34,1,1,0,4,450000
553,16,174,0,2,4,2,4,26,1,1,0,4,380000
554,32,159,0,4,5,4,4,53,1,1,0,4,765000
555,8,245,0,1,0,4,18,26,1,1,0,4,229000
556,13,254,0,2,7,4,16,44,1,1,0,4,245000
557,6,255,0,2,4,4,2,53,1,1,0,4,355000
558,28,3,0,1,2,4,6,30,1,1,0,0,265000
559,27,179,0,2,0,4,6,34,2,1,0,4,485000
560,13,44,0,2,6,5,4,49,1,1,0,8,345000
561,13,193,0,2,7,4,18,44,1,1,0,4,272000
562,14,296,0,7,5,4,21,106,2,2,0,4,1550000
563,13,282,0,2,6,5,4,53,1,1,0,4,290000
564,19,199,0,2,7,3,9,44,1,1,0,4,665000
565,27,7,0,2,6,7,13,71,2,1,1,7,1110000
566,6,148,0,2,4,4,10,64,1,1,0,4,350000
567,7,144,0,2,7,8,12,23,1,1,0,7,530000
568,28,297,0,4,2,4,4,64,1,1,0,4,700000
569,8,57,0,4,0,14,13,67,2,2,0,4,259000
570,21,294,0,7,1,3,9,95,2,2,0,4,890000
571,18,59,0,4,4,6,6,74,1,1,0,8,1565000
572,13,237,0,1,6,13,14,26,1,1,0,7,850000
573,5,142,0,2,2,2,4,57,1,1,0,4,730000
574,5,187,0,4,7,4,2,57,1,1,0,4,770000
575,13,282,0,4,7,10,11,79,2,1,0,4,795000
576,18,59,0,4,4,4,4,70,2,1,0,8,1545000
577,27,179,0,2,0,5,10,30,1,1,0,4,365000
578,13,294,0,2,1,3,16,44,1,1,0,4,210000
579,21,29,0,2,4,16,10,34,1,1,0,8,700000
580,24,197,0,4,5,4,18,74,2,1,0,4,259000
581,4,31,0,2,4,13,3,57,1,1,0,8,1600000
582,19,243,0,5,7,14,3,94,2,1,0,4,1300000
583,13,257,0,2,7,24,3,57,2,1,0,7,535000
584,13,70,0,4,0,14,11,67,1,1,0,4,258000
585,13,214,0,4,5,4,16,61,1,1,0,4,265000
586,15,150,0,2,4,3,6,30,1,1,0,4,520000
587,35,105,0,0,2,3,0,23,1,1,0,4,340000
588,35,105,0,2,6,4,6,30,1,1,0,4,455000
589,31,273,0,2,0,2,2,30,1,1,0,4,565000
590,23,75,0,5,6,4,10,87,2,1,0,4,670000
591,20,277,0,2,4,5,10,34,1,1,0,4,280000
592,24,147,0,2,0,4,18,44,1,1,0,4,399000
593,3,267,0,1,0,3,16,14,1,1,0,4,280000
594,3,252,0,1,0,3,16,14,1,1,0,4,280000
595,31,174,0,2,7,2,4,39,1,2,0,4,480000
596,14,182,0,3,0,3,21,77,2,2,0,4,1150000
597,18,208,0,1,0,30,3,23,1,1,0,7,1500000
598,2,69,0,9,7,2,21,107,3,3,0,4,1250000
599,35,198,0,2,6,4,6,34,1,1,0,4,555000
600,19,246,0,9,7,2,21,87,2,1,0,4,1580000
601,2,69,0,2,7,2,4,34,1,1,0,4,550000
602,3,220,0,1,2,4,16,23,1,1,0,4,160000
603,31,125,0,2,0,3,16,34,1,1,0,4,320000
604,21,228,0,2,3,3,4,44,1,1,0,4,725000
605,3,220,0,2,4,4,10,53,1,1,0,4,380000
606,3,219,0,2,4,2,18,44,1,1,0,4,285000
607,18,104,0,2,5,8,18,34,1,1,0,4,1150000
608,32,27,0,2,2,4,18,34,1,1,0,4,500000
609,13,44,0,2,5,5,4,44,1,1,0,4,285000
610,23,156,0,6,2,1,18,35,1,1,0,4,685000
611,3,220,0,2,4,5,10,34,1,1,0,4,350000
612,18,155,0,2,0,9,13,34,2,1,0,4,1545000
613,21,124,0,2,2,7,18,18,1,1,0,4,305000
614,7,144,0,2,6,22,1,40,1,1,0,7,550000
615,23,156,0,4,2,3,4,74,1,2,1,4,535000
616,6,161,0,2,6,7,2,53,1,1,0,4,795000
617,15,150,0,1,4,3,18,10,1,1,0,4,325000
618,23,95,0,2,1,8,4,40,1,1,0,7,718000
619,3,220,0,2,7,3,2,34,1,1,0,4,620000
620,24,262,0,2,0,3,21,53,1,1,0,4,350000
621,24,175,0,2,5,3,4,30,2,2,0,4,353000
622,19,244,0,2,6,15,3,49,2,2,1,7,880000
623,13,202,0,2,7,5,6,39,1,1,0,4,330000
624,23,274,0,2,3,6,18,26,1,1,0,4,388000
625,13,267,0,4,3,21,10,83,2,2,1,7,1450000
626,13,254,0,4,7,5,9,67,1,1,0,4,445000
627,31,77,0,2,0,4,4,53,1,1,0,4,379000
628,22,291,0,2,0,3,16,26,1,1,0,4,660000
629,31,77,0,2,0,4,4,53,2,2,0,4,559000
630,8,8,0,4,7,5,18,77,1,1,0,4,785000
631,8,245,0,2,0,3,2,44,1,1,0,4,389000
632,31,77,0,2,0,4,6,61,1,1,0,4,519000
633,8,143,0,1,1,3,18,34,1,1,0,4,539000
634,2,69,0,2,4,3,4,44,1,1,0,4,240000
635,8,143,0,2,1,3,16,34,1,1,0,4,350000
636,23,303,0,4,0,6,2,64,1,2,0,4,699000
637,21,107,0,2,0,2,4,34,1,1,0,4,675000
638,13,120,0,2,7,3,4,47,1,1,0,4,210500
639,2,174,0,2,0,4,2,44,1,1,0,4,890000
640,11,2,0,5,5,3,21,92,1,1,0,4,680000
641,21,294,0,7,7,2,4,103,2,1,0,4,794500
642,17,14,0,2,4,3,18,26,1,1,0,4,325000
643,22,22,0,2,7,3,2,34,1,1,0,4,660000
644,17,130,0,2,4,4,18,30,1,1,0,4,365000
645,15,150,0,2,2,3,18,39,1,1,0,4,630000
646,22,291,0,4,7,3,9,70,2,2,0,4,1400000
647,27,179,0,4,0,4,6,74,2,1,0,4,475000
648,24,5,0,2,1,3,18,77,2,1,0,4,363000
649,24,294,0,2,0,3,4,39,2,1,0,4,460000
650,31,36,0,2,7,4,10,61,1,1,0,4,419000
651,23,242,0,2,0,5,10,39,1,1,0,4,485000
652,23,242,0,2,0,6,16,53,1,2,0,4,460000
653,13,120,0,4,1,3,4,80,2,2,0,7,870000
654,13,202,0,2,6,4,6,53,1,1,0,4,285000
655,8,143,0,2,0,5,4,53,1,1,0,4,385000
656,12,236,0,2,6,3,4,14,1,1,0,4,300000
657,8,70,0,2,0,8,4,55,1,1,0,4,195000
658,13,257,0,2,3,5,9,64,1,1,0,4,345000
659,13,214,0,1,0,4,6,39,1,1,0,4,245000
660,31,77,0,2,0,4,4,39,1,1,0,4,365000
661,13,49,0,2,0,4,4,49,1,1,0,4,370000
662,35,248,0,2,7,4,2,30,1,1,0,4,650000
663,8,113,0,4,6,4,9,70,1,1,0,4,785000
664,33,215,0,2,4,4,6,30,1,1,0,4,345000
665,27,49,0,4,3,5,16,82,2,1,0,7,1500000
666,23,283,0,2,5,8,4,34,1,1,1,4,580000
667,23,156,0,2,0,8,2,39,1,1,0,4,525000
668,21,224,0,1,0,2,16,8,1,1,0,4,295000
669,13,120,0,2,5,3,4,46,1,1,0,4,285500
670,13,70,0,1,7,11,13,18,1,1,0,7,445000
671,31,171,0,4,0,4,18,61,2,2,0,4,690000
672,22,22,0,1,6,4,18,10,1,1,1,8,575000
673,8,143,0,4,1,3,2,79,1,1,0,4,790000
674,13,214,0,2,7,3,4,39,1,1,0,4,275000
675,13,282,0,2,6,3,4,44,1,1,0,4,290000
676,31,171,0,4,0,4,21,61,2,2,0,4,690000
677,0,129,0,4,6,4,2,79,2,1,0,4,730000
678,14,174,0,5,0,3,6,81,2,2,0,4,1000000
679,20,174,0,2,3,15,4,36,1,1,1,4,870000
680,10,238,0,4,4,3,4,53,1,0,0,4,1150000
681,32,189,0,6,0,3,9,90,1,1,0,4,850000
682,21,171,0,4,1,4,4,67,1,1,1,4,650000
683,21,294,0,2,4,6,12,95,1,1,0,4,380000
684,27,179,0,2,0,5,4,30,2,1,0,4,355000
685,19,221,0,4,2,5,2,53,1,1,0,4,475000
686,35,123,0,2,2,10,6,53,1,1,0,4,700000
687,3,220,0,2,0,4,9,44,1,2,0,4,750000
688,21,294,0,2,4,4,10,53,1,1,0,4,232000
689,35,105,0,2,2,8,13,39,1,1,0,4,450000
690,27,179,0,4,0,5,4,57,1,1,0,4,452000
691,22,22,0,2,5,3,2,34,1,1,0,7,860000
692,21,33,0,2,0,3,18,34,1,1,0,4,400000
693,21,294,0,6,3,3,6,87,2,1,0,4,614000
694,20,277,0,2,0,4,0,44,1,1,0,4,420000
695,35,105,0,1,7,7,2,18,1,1,0,4,255000
696,5,142,0,4,2,3,0,74,1,1,0,4,575000
697,20,277,0,2,7,5,1,57,2,1,0,4,440000
698,3,219,0,4,4,5,4,61,1,2,0,0,410000
699,21,33,0,2,2,4,6,61,1,1,0,4,350000
700,35,105,0,2,2,8,14,23,1,1,0,4,350000
701,27,179,0,4,1,5,6,44,1,1,0,4,449000
702,0,28,0,2,2,4,2,53,1,1,0,4,418000
703,1,47,0,14,7,32,8,8,1,1,1,10,925000
704,8,245,0,4,1,4,4,79,1,1,0,4,760000
705,21,171,0,2,2,4,18,30,1,1,0,4,225000
706,13,202,0,1,7,23,12,23,1,1,1,7,240000
707,13,49,0,1,6,4,18,18,1,1,0,4,195000
708,15,231,0,2,4,4,17,26,1,1,0,4,180000
709,13,202,0,1,7,23,6,23,1,1,1,7,240000
710,3,304,0,4,7,4,9,61,1,1,0,4,850000
711,13,200,0,1,0,14,4,18,1,1,0,4,285000
712,20,277,0,1,2,2,18,5,1,1,0,9,130000
713,5,195,0,2,7,2,4,44,1,2,0,2,585000
714,4,142,0,2,4,8,16,30,1,1,0,8,320000
715,1,300,0,2,0,5,6,39,1,1,0,4,645000
716,32,189,0,4,0,5,10,64,2,1,0,4,1050000
717,2,188,0,2,4,3,4,34,1,1,0,4,385000
718,20,225,0,2,0,13,4,26,1,1,0,4,990000
719,13,190,0,2,6,4,2,53,1,1,0,4,300000
720,3,41,0,2,3,3,2,30,2,1,0,4,1500000
721,27,167,0,2,6,6,6,39,1,0,0,4,400000
722,23,127,0,4,2,8,9,64,2,1,0,4,589000
723,3,70,0,4,7,3,9,79,1,1,0,4,560000
724,13,172,0,2,0,4,2,55,1,2,0,4,172000
725,31,222,0,2,0,4,2,33,2,1,0,4,475000
726,13,267,0,2,0,5,9,44,1,1,0,4,465000
727,13,190,0,2,0,5,6,44,1,1,0,4,300000
728,13,70,0,2,7,28,2,57,2,1,0,7,770000
729,13,70,0,1,7,10,3,23,1,1,0,7,605000
730,22,282,0,4,2,3,18,57,1,1,0,4,835000
731,23,10,0,2,0,4,4,30,1,1,0,4,375000
732,9,122,0,2,4,3,6,34,1,1,0,4,390000
733,21,258,0,2,4,5,11,34,1,2,0,4,280000
734,24,207,0,2,5,3,18,64,1,1,0,4,268000
735,23,242,0,9,1,4,10,106,2,3,0,4,725000
736,17,130,0,4,4,4,2,67,1,1,0,4,650000
737,26,251,0,4,4,5,6,70,1,1,0,4,365000
738,13,70,0,4,0,14,11,67,1,2,0,4,255000
739,23,106,0,4,0,8,6,78,2,2,0,4,890000
740,13,206,0,1,1,4,4,30,1,1,0,4,130000
741,26,251,0,4,5,4,2,83,2,2,0,4,1300000
742,8,245,0,1,3,4,6,30,1,1,0,4,132000
743,13,120,0,2,0,5,6,53,1,2,0,4,363000
744,2,69,0,2,1,4,18,53,1,1,0,4,169000
745,11,181,0,4,2,2,21,81,2,2,1,4,1200000
746,2,188,0,2,1,4,9,53,1,1,0,4,173000
747,29,248,0,2,0,6,9,39,1,1,1,7,750000
748,13,206,0,2,0,3,4,57,2,1,0,4,190000
749,8,70,0,4,1,4,9,67,2,2,0,4,280000
750,11,33,0,5,3,3,9,97,2,2,0,4,1450000
751,13,172,0,2,0,4,6,53,2,1,0,4,199000
752,13,70,0,2,0,3,16,44,2,1,0,4,135000
753,21,70,0,6,7,3,21,87,2,2,0,4,730000
754,0,25,0,2,0,3,2,34,1,1,0,4,500000
755,0,25,0,6,0,3,9,81,2,1,0,4,550000
756,0,25,0,2,0,3,2,34,1,1,0,4,500000
757,20,174,0,1,7,13,3,14,1,1,0,7,750000
758,14,76,0,2,7,9,11,34,2,1,0,4,720000
759,6,51,0,1,7,13,10,28,1,1,0,7,650000
760,13,172,0,4,7,4,4,74,1,1,0,4,445000
761,22,20,0,2,4,8,18,53,1,1,0,4,670000
762,8,165,0,6,3,8,12,106,2,1,0,4,1590000
763,22,96,0,1,4,3,18,8,1,1,0,4,258000
764,24,197,0,4,0,3,4,61,1,1,0,4,478000
765,28,262,0,7,0,4,10,93,2,1,0,4,975000
766,16,250,0,2,0,4,4,44,1,1,0,4,675000
767,21,171,0,2,2,5,9,34,1,1,0,4,236000
768,23,256,0,4,4,7,12,54,2,2,1,4,550000
769,7,144,0,2,6,11,6,77,2,2,1,7,1290000
770,24,79,0,4,7,7,11,85,2,1,0,7,1025000
771,8,8,0,2,6,19,3,79,1,1,0,4,1039000
772,3,220,0,4,7,4,6,67,1,1,0,4,850000
773,13,282,0,4,0,5,6,67,1,1,0,4,390000
774,32,299,0,4,7,9,13,64,1,1,0,4,850000
775,13,232,0,2,7,5,6,67,1,1,0,4,348000
776,13,262,0,2,0,4,18,44,1,1,0,4,260000
777,25,34,0,2,0,14,3,46,1,1,0,7,1600000
778,3,267,0,2,7,3,6,39,1,1,0,4,520000
779,19,70,0,4,0,4,4,57,1,1,0,4,650000
780,20,174,0,1,7,13,3,14,1,1,0,7,700000
781,20,107,0,1,6,13,3,1,1,1,0,7,390000
782,3,304,0,2,4,4,6,30,1,1,0,4,425000
783,3,267,0,4,7,3,6,64,1,1,0,4,625000
784,8,245,0,4,0,6,9,67,1,1,0,4,238000
785,8,8,0,4,4,10,10,79,1,1,0,4,700000
786,20,225,0,2,0,13,4,26,1,1,0,4,990000
787,21,294,0,2,4,3,4,53,1,1,0,4,280000
788,14,118,0,6,0,3,9,67,2,1,0,4,665000
789,8,143,0,2,6,4,4,39,1,1,0,0,530000
790,13,292,0,2,6,3,2,44,1,1,0,4,280000
791,13,200,0,2,5,17,12,53,1,1,0,4,649000
792,24,197,0,7,7,3,18,81,2,1,0,4,385000
793,19,140,0,4,2,7,18,64,1,1,0,4,520000
794,31,125,0,4,2,4,4,70,1,1,0,4,525000
795,24,5,0,8,0,3,15,100,1,1,0,4,430000
796,15,217,0,1,6,2,16,17,1,1,0,4,300000
797,15,216,0,1,4,2,18,10,1,1,0,4,315000
798,32,78,0,1,0,13,18,8,1,1,0,7,425000
799,15,128,0,4,4,3,4,74,1,2,0,4,950000
800,3,219,0,2,4,4,18,64,1,2,0,4,410000
801,23,75,0,3,1,3,9,97,2,1,0,4,950000
802,13,206,0,4,6,3,4,70,1,1,0,4,550000
803,19,131,0,2,2,3,4,53,1,2,0,4,450000
804,29,176,0,1,7,4,6,10,1,1,1,7,250000
805,1,294,0,2,3,5,18,26,1,1,0,4,530000
806,24,169,0,1,6,3,2,18,1,1,0,4,345000
807,14,259,0,4,2,4,4,48,1,2,0,4,615000
808,14,182,0,2,0,3,16,49,2,2,0,4,850000
809,10,184,0,2,4,4,18,18,1,1,0,4,650000
810,13,267,0,0,7,13,2,2,1,1,1,7,280000
811,26,213,0,1,2,0,18,114,1,1,0,9,165000
812,5,152,0,1,7,17,11,16,1,1,0,7,780000
813,2,72,0,2,1,3,2,30,1,1,0,4,550000
814,15,249,0,2,4,3,17,18,1,1,0,4,325000
815,32,27,0,2,2,4,18,30,1,1,0,4,520000
816,14,80,0,2,6,3,18,34,2,1,0,4,398000
817,31,273,0,4,2,4,4,64,1,1,0,4,630000
818,31,171,0,2,7,4,4,39,1,1,0,4,625000
819,11,272,0,4,2,11,9,73,1,2,1,4,600000
820,20,277,0,4,5,3,6,64,1,1,0,4,668000
821,20,277,0,2,6,14,2,61,1,1,1,4,635000
822,8,62,0,4,4,13,11,83,1,2,0,4,765000
823,14,118,0,2,0,3,18,10,1,1,0,4,350000
824,16,135,0,1,6,23,3,34,1,1,0,7,860000
825,18,64,0,4,4,5,6,16,1,1,0,4,45000
826,19,276,0,4,6,4,6,61,1,1,0,4,825000
827,5,152,0,2,7,8,13,60,2,1,0,7,1555000
828,35,160,0,2,4,5,6,30,1,1,0,4,270000
829,7,116,0,2,6,3,2,44,1,1,0,4,500000
830,18,223,0,2,7,9,4,13,1,1,0,4,45000
831,18,205,0,2,4,0,18,19,1,1,0,0,600000
832,2,97,0,2,7,4,10,70,1,1,0,4,350000
833,7,116,0,2,3,3,18,26,1,1,0,4,370000
834,18,59,0,4,4,5,6,51,1,1,0,8,45000
835,19,153,0,2,0,8,4,26,1,1,0,4,890000
836,35,248,0,1,7,6,1,18,1,1,0,4,175000
837,8,48,0,4,2,13,13,77,1,1,0,4,750000
838,24,197,0,1,2,33,18,26,1,1,0,4,178000
839,33,92,0,4,7,3,6,74,1,1,0,4,810000
840,24,90,0,6,3,2,18,74,1,1,0,4,260000
841,23,274,0,4,4,4,9,77,1,1,0,4,340000
842,28,227,0,2,7,4,4,34,1,1,0,4,435000
843,28,297,0,2,0,4,18,39,1,1,0,4,415000
844,13,232,0,4,0,4,6,67,1,1,0,4,440000
845,13,237,0,2,0,4,4,34,1,1,0,4,340000
846,13,202,0,2,0,4,16,53,1,1,0,4,210000
847,23,84,0,4,2,3,18,57,1,1,0,4,280000
848,8,143,0,5,5,3,6,90,2,1,0,4,880000
849,3,219,0,2,4,4,9,61,1,2,0,4,720000
850,23,194,0,4,2,4,10,79,1,2,0,4,350000
851,8,143,0,4,1,5,6,67,2,1,0,4,335000
852,16,174,0,2,7,4,16,26,1,1,0,8,260000
853,10,73,0,1,4,3,18,10,1,1,0,4,650000
854,26,251,0,4,4,5,6,70,1,1,0,4,365000
855,25,166,0,14,7,29,3,8,1,1,0,4,1200000
856,23,194,0,4,2,4,6,79,1,2,0,4,325000
857,13,11,0,2,5,17,3,53,1,1,1,4,530000
858,8,70,0,4,0,3,18,57,1,2,0,4,329000
859,14,174,0,2,7,4,4,39,1,2,0,4,480000
860,14,19,0,2,0,10,12,39,1,1,0,7,825000
861,21,66,0,2,0,2,2,34,1,1,0,4,830000
862,17,115,0,2,0,4,4,39,1,1,0,4,890000
863,33,9,0,2,4,3,9,30,1,1,0,4,485000
864,3,41,0,2,0,3,4,34,2,1,0,4,1340000
865,19,243,0,2,0,11,2,42,1,1,0,4,415000
866,24,197,0,2,7,3,4,39,1,1,0,4,390000
867,33,241,0,2,4,3,6,34,1,0,0,4,425000
868,32,191,0,2,6,8,13,56,2,1,0,4,1075000
869,15,210,0,1,4,2,18,14,1,1,0,1,285000
870,31,179,0,4,7,3,16,34,1,0,0,4,350000
871,31,36,0,2,0,4,6,44,1,1,0,4,504000
872,19,140,0,2,7,4,16,30,1,2,0,4,422500
873,24,262,0,6,6,3,21,96,3,1,0,4,475000
874,13,262,0,4,7,4,4,74,1,1,0,4,380000
875,16,146,0,2,0,4,2,42,1,1,0,4,555000
876,8,245,0,2,5,4,2,53,1,1,0,4,554000
877,16,146,0,2,0,4,18,30,1,1,0,4,425000
878,0,163,0,2,0,3,4,14,1,1,0,4,390000
879,17,130,0,4,4,3,6,67,1,1,0,4,600000
880,16,146,0,2,0,4,16,26,1,1,0,4,325000
881,23,242,0,4,7,6,6,61,2,1,0,4,415000
882,23,84,0,7,0,4,21,79,1,1,0,4,600000
883,11,134,0,7,3,3,20,114,2,2,0,4,1525000
884,19,131,0,2,7,3,4,39,1,1,0,4,443000
885,21,66,0,2,0,2,2,44,1,1,0,4,740000
886,8,143,0,4,0,5,4,69,1,2,0,4,425000
887,19,243,0,4,0,11,4,74,1,1,0,4,895000
888,28,65,0,2,7,4,18,44,1,1,0,4,439000
889,13,200,0,1,3,14,12,23,1,1,0,4,279000
890,13,53,0,2,6,5,2,44,1,1,0,4,330000
891,13,120,0,2,3,5,6,67,2,1,0,8,244000
892,33,241,0,4,4,3,18,61,2,0,0,4,520000
893,13,70,0,4,5,14,13,74,1,1,0,4,859000
894,20,174,0,1,2,4,18,10,1,1,0,4,365000
895,13,49,0,2,7,4,6,34,1,1,0,4,300000
896,12,95,0,2,2,3,6,26,1,1,0,4,500000
897,17,115,0,2,0,4,6,39,1,1,0,4,890000
898,20,174,0,2,5,13,4,34,1,1,0,8,860000
899,20,114,0,7,7,5,6,77,2,1,0,4,775000
900,2,24,0,2,4,3,18,74,1,1,0,4,340000
901,28,4,0,2,0,4,0,26,1,1,0,4,585000
902,31,227,0,2,0,7,9,39,1,1,0,4,480000
903,13,120,0,2,7,5,6,61,2,1,0,8,228000
904,13,70,0,2,0,15,13,39,1,0,0,4,640000
905,13,53,0,2,3,5,2,44,1,1,0,4,297500
906,29,179,0,2,6,5,18,39,2,1,0,4,315000
907,28,240,0,2,7,4,2,44,1,2,0,4,645000
908,26,279,0,4,7,1,0,117,2,2,0,8,1100000
909,3,95,0,9,2,5,11,106,2,2,0,8,970000
910,8,245,0,1,7,8,6,44,1,1,0,4,625000
911,7,54,0,4,2,9,18,79,3,1,0,4,1500000
912,8,245,0,4,7,8,6,97,2,2,0,4,985000
913,8,8,0,4,2,14,3,81,2,2,1,4,900000
914,19,83,0,4,6,4,6,119,2,1,0,4,760000
915,8,8,0,2,7,10,10,64,2,2,0,4,760000
916,14,284,0,2,3,7,4,23,1,1,0,4,485000
917,3,267,0,4,4,3,2,64,1,1,0,4,390000
918,15,231,0,4,4,3,4,67,1,1,0,4,820000
919,29,38,0,1,7,17,3,19,1,1,0,7,490000
920,18,155,0,4,4,8,9,67,1,1,0,8,1300000
921,13,70,0,1,3,13,3,20,1,1,0,7,378000
922,13,226,0,2,5,5,16,53,1,1,0,4,210000
923,19,261,0,4,4,7,11,92,1,1,0,4,585000
924,8,8,0,1,7,10,10,30,1,1,0,4,560000
925,3,219,0,2,4,4,16,30,1,1,0,4,285000
926,28,83,0,1,2,4,18,26,1,1,0,4,365000
927,3,41,0,2,4,2,4,34,1,1,0,4,950000
928,12,95,0,4,3,3,18,44,1,1,0,4,560000
929,13,120,0,2,3,5,2,39,1,1,0,3,297500
930,13,267,0,1,5,28,3,23,1,1,0,7,460000
931,3,95,0,2,2,3,4,33,1,1,0,4,425000
932,2,188,0,2,2,3,16,67,1,1,0,4,240000
933,28,4,0,2,0,4,2,26,1,1,0,4,585000
934,22,99,0,7,7,6,11,97,2,1,0,4,655000
935,21,228,0,4,3,9,3,79,2,1,0,4,1350000
936,15,295,0,2,4,4,2,26,1,1,0,4,400000
937,15,183,0,2,4,4,4,26,1,1,0,4,710000
938,28,101,0,2,2,4,4,34,1,1,0,4,379000
939,8,113,0,6,7,4,21,106,2,2,0,4,699000
940,20,174,0,2,0,4,4,32,1,1,0,4,299000
941,13,257,0,14,7,25,13,3,1,1,1,7,275000
942,26,43,0,4,7,4,2,77,2,1,0,8,260000
943,24,88,0,2,0,3,6,34,1,1,0,4,425000
944,6,0,0,2,4,4,10,39,1,1,0,0,370000
945,24,90,0,2,1,3,21,53,1,1,0,4,428000
946,1,93,0,4,4,5,2,74,2,1,0,4,338000
947,31,125,0,2,2,4,6,39,1,1,0,4,460000
948,32,260,0,2,0,4,4,42,1,3,0,4,499000
949,20,174,0,2,0,4,16,26,1,1,0,4,195000
950,1,47,0,1,7,32,7,109,1,1,1,7,1600000
951,35,105,0,4,7,5,4,61,1,1,0,4,550000
952,6,0,0,2,7,3,2,39,1,1,0,4,550000
953,8,8,0,2,7,6,16,61,2,2,1,4,700000
954,19,244,0,2,0,8,4,34,1,1,0,4,439000
955,13,49,0,2,7,4,21,39,1,1,0,4,340000
956,3,219,0,6,0,3,21,92,2,2,0,4,1200000
957,3,41,0,2,0,3,16,34,1,1,0,4,850000
958,8,70,0,1,0,8,9,30,1,1,0,4,138000
959,13,172,0,4,0,4,6,70,1,2,0,4,214000
960,24,79,0,1,7,10,10,18,1,1,0,7,675000
961,16,141,0,2,2,3,4,44,1,1,0,4,680000
962,3,219,0,4,4,4,4,64,1,1,0,4,490000
963,24,207,0,2,6,3,18,67,2,1,0,4,268000
964,20,125,0,2,0,13,3,66,2,1,1,7,1650000
965,3,220,0,2,4,4,4,49,1,1,0,4,525000
966,13,45,0,4,6,11,12,67,2,1,1,4,655000
967,8,70,0,2,0,3,9,39,2,1,0,8,375000
968,8,70,0,2,7,3,17,39,2,1,0,8,180000
969,8,70,0,4,0,4,4,79,2,2,0,4,479000
970,8,143,0,4,3,7,9,67,2,1,0,4,316000
971,27,7,0,2,0,3,4,33,1,1,0,4,445000
972,27,7,0,4,0,3,4,63,1,1,0,4,545000
973,3,70,0,2,7,2,2,23,1,1,0,4,325000
974,13,120,0,4,3,4,2,67,2,2,0,4,275000
975,13,70,0,4,1,5,4,67,2,1,0,4,250000
976,15,132,0,2,4,4,4,23,1,1,0,4,290000
977,23,106,0,2,0,4,9,39,1,1,0,4,455000
978,15,178,0,2,4,2,2,23,1,1,0,4,390000
979,13,120,0,2,7,6,6,61,1,1,0,4,399000
980,6,1,0,9,0,2,6,98,2,2,0,4,850000
981,19,70,0,2,7,2,18,37,1,1,0,4,244000
982,6,1,0,4,0,2,2,61,1,2,0,4,650000
983,6,1,0,2,0,2,18,34,1,2,0,4,420000
984,32,299,0,4,2,9,12,61,1,1,0,4,675000
985,32,189,0,2,0,9,4,38,2,1,0,7,725000
986,16,265,0,2,7,3,0,34,1,1,0,4,400000
987,0,139,0,2,5,2,18,26,1,2,0,4,330000
988,8,70,0,2,1,5,10,53,1,1,0,4,189000
989,3,70,0,7,4,5,11,103,2,1,0,4,350000
990,17,164,0,2,7,3,6,30,1,1,0,4,579000
991,3,219,0,2,4,4,15,64,1,2,0,4,410000
992,13,206,0,2,3,4,6,34,1,1,0,4,357500
993,21,224,0,2,0,2,2,53,2,1,0,4,700000
994,22,20,0,6,2,3,9,81,2,1,0,4,1000000
995,20,114,0,4,7,3,6,92,2,1,0,4,1100000
996,33,41,0,4,2,3,4,64,1,1,0,8,885000
997,22,282,0,2,5,4,6,34,1,1,0,4,915000
998,17,164,0,4,4,4,4,53,1,1,0,4,600000
999,13,70,0,1,0,10,10,30,1,1,0,4,250000
1000,35,98,0,2,4,4,16,23,1,1,0,4,580000
1001,13,267,0,4,5,16,14,88,2,1,0,7,1080000
1002,13,267,0,2,7,15,3,45,1,1,0,7,700000
1003,13,267,0,2,6,15,3,45,1,1,0,8,710000
1004,16,212,0,4,4,4,4,61,1,1,0,4,435000
1005,22,52,0,4,7,4,9,61,2,1,0,4,910000
1006,32,33,0,2,4,3,9,39,1,1,0,4,415000
1007,8,245,0,1,3,4,9,30,1,1,0,4,146000
1008,19,240,0,2,4,3,2,34,1,2,0,4,234000
1009,2,69,0,2,1,4,2,53,1,1,0,4,175000
1010,3,219,0,4,5,4,2,61,2,2,0,4,895000
1011,7,55,0,1,0,12,3,24,1,1,0,7,1000000
1012,8,8,0,4,7,4,4,93,1,1,0,4,849000
1013,23,230,0,3,7,1,19,81,2,1,0,4,655000
1014,13,289,0,0,6,5,6,23,1,1,0,4,135000
1015,22,99,0,4,6,3,16,44,1,1,0,4,350000
1016,3,219,0,2,4,4,6,34,1,1,0,4,440000
1017,13,170,0,1,7,4,16,18,1,1,0,4,210000
1018,2,188,0,4,1,4,9,67,2,2,0,4,287000
1019,0,25,0,2,0,4,6,41,1,1,0,4,440000
1020,3,41,0,4,4,2,4,44,1,1,0,4,795000
1021,16,265,0,2,4,3,16,34,1,1,0,4,330000
1022,21,66,0,2,0,2,16,34,1,1,0,4,390000
1023,20,125,0,1,0,13,3,21,1,1,1,7,960000
1024,20,125,0,1,0,13,3,23,1,1,0,7,950000
1025,24,197,0,2,0,9,11,46,1,1,0,4,545000
1026,18,173,0,2,4,7,10,30,1,1,0,8,650000
1027,13,257,0,1,7,25,3,14,1,1,1,7,350000
1028,7,144,0,4,6,27,13,74,2,1,0,7,1350000
1029,22,68,0,8,7,5,11,80,2,1,0,4,1270000
1030,19,243,0,2,0,4,4,34,1,1,0,4,550000
1031,27,7,0,4,7,10,10,67,2,1,0,7,1100000
1032,11,90,0,4,4,3,18,38,1,1,0,4,310000
1033,13,294,0,2,5,4,6,30,1,0,0,4,330000
1034,24,197,0,4,3,3,18,74,2,1,0,4,257000
1035,14,83,0,2,6,3,15,79,2,1,0,4,415000
1036,11,70,0,6,4,2,21,83,2,1,0,4,770000
1037,5,264,0,2,0,2,4,44,2,1,0,4,850000
1038,19,109,0,2,4,3,6,53,1,1,0,4,230000
1039,21,29,0,1,7,18,3,29,1,1,0,7,1150000
1040,21,29,0,1,7,27,3,15,1,1,0,8,760000
1041,14,192,0,2,6,2,4,26,1,1,0,4,475000
1042,14,192,0,10,2,3,21,114,4,4,0,4,1300000
1043,17,14,0,2,2,3,16,34,1,2,0,4,460000
1044,24,33,0,4,7,3,6,74,2,1,0,4,515000
1045,19,153,0,4,4,6,6,92,1,1,0,4,1200000
1046,20,225,0,2,4,5,11,25,1,1,0,4,350000
1047,22,158,0,4,4,3,9,74,1,1,0,4,890000
1048,7,55,0,4,2,5,11,74,1,1,0,4,820000
1049,27,10,0,4,2,5,4,67,1,1,0,4,275000
1050,13,257,0,1,7,25,3,23,1,1,1,7,330000
1051,18,205,0,2,4,4,4,34,1,1,0,4,535000
1052,9,122,0,1,6,2,18,14,1,1,0,4,350000
1053,21,33,0,9,7,3,21,106,2,3,0,4,825000
1054,6,95,0,2,2,4,2,59,1,1,0,4,589000
1055,19,199,0,9,0,5,11,107,3,1,0,4,1400000
1056,20,278,0,2,7,3,9,64,2,1,0,4,475000
1057,11,33,0,4,2,3,9,79,1,1,0,4,900000
1058,11,33,0,2,2,3,4,44,1,1,0,4,550000
1059,27,179,0,3,5,3,18,67,1,1,0,4,285000
1060,24,147,0,8,7,3,21,97,2,1,0,6,780000
1061,30,102,0,4,4,4,2,74,1,1,0,4,660000
1062,14,174,0,2,7,4,4,44,1,1,0,4,600000
1063,13,257,0,1,7,24,4,16,1,1,0,7,388000
1064,3,304,0,2,1,4,2,30,1,1,0,4,605000
1065,13,299,0,7,7,5,21,103,2,1,0,4,515000
1066,16,174,0,4,2,2,2,74,1,1,0,4,680000
1067,3,267,0,2,0,3,4,37,1,1,0,4,550000
1068,31,273,0,2,7,5,10,74,1,1,0,4,630000
1069,24,90,0,2,1,3,18,53,1,1,0,4,250000
1070,13,257,0,14,7,24,3,4,1,1,0,7,205000
1071,31,112,0,4,6,4,2,44,1,1,0,4,550000
1072,8,245,0,2,7,2,2,34,1,1,0,4,425000
1073,2,174,0,2,0,4,2,26,1,1,0,4,600000
1074,21,171,0,1,6,3,18,14,1,1,0,4,275000
1075,2,72,0,2,7,4,2,44,1,1,0,4,440000
1076,2,174,0,2,0,4,2,34,1,1,0,4,650000
1077,31,171,0,2,0,3,18,34,1,1,0,4,519000
1078,33,70,0,6,2,3,18,80,2,1,0,4,1100000
1079,27,7,0,2,0,3,2,30,1,1,0,4,420000
1080,24,5,0,2,5,3,4,30,1,1,0,4,390000
1081,8,8,0,4,2,14,13,93,2,1,0,4,1070000
1082,24,175,0,2,5,3,4,34,1,1,0,4,327000
1083,28,83,0,2,7,4,1,53,1,2,0,4,245000
1084,13,45,0,2,0,11,11,61,1,1,0,4,1250000
1085,13,120,0,2,3,4,2,53,1,1,0,4,193000
1086,8,57,0,4,0,6,6,70,1,2,0,4,193000
1087,3,70,0,2,2,3,16,30,1,2,0,4,280000
1088,22,96,0,1,4,3,18,8,1,1,0,4,258000
1089,13,292,0,2,7,4,16,64,1,1,0,4,185000
1090,16,174,0,2,4,2,4,26,1,1,0,4,380000
1091,3,151,0,4,2,3,16,57,1,1,0,4,290000
1092,13,202,0,2,0,5,16,30,1,1,0,4,210000
1093,8,70,0,2,0,3,16,44,1,2,0,4,139000
1094,27,7,0,2,0,5,4,34,1,1,0,4,467000
1095,22,22,0,2,4,3,9,10,1,1,0,4,399000
1096,2,69,0,4,4,5,10,61,1,1,0,4,300000
1097,32,133,0,2,4,2,6,44,1,1,0,4,265000
1098,8,245,0,2,5,5,18,44,1,1,0,4,305000
1099,8,245,0,2,7,4,9,44,1,1,0,4,500000
1100,8,143,0,2,6,3,6,49,1,1,0,0,459000
1101,21,66,0,2,0,3,2,39,1,1,0,4,620000
1102,33,61,0,4,7,4,6,61,1,1,0,4,1000000
1103,28,227,0,2,7,4,2,44,1,1,0,4,415000
1104,8,8,0,4,6,7,11,96,2,1,0,4,1475000
1105,21,66,0,4,6,5,4,77,1,1,0,4,1250000
1106,3,267,0,4,0,5,6,64,1,1,0,4,815000
1107,8,245,0,2,0,3,16,39,1,1,0,4,329999
1108,21,294,0,2,5,2,18,30,1,1,0,4,380000
1109,23,75,0,7,2,2,6,95,2,2,0,4,870000
1110,21,171,0,4,2,5,9,77,1,1,0,4,350000
1111,13,70,0,2,7,17,13,57,1,2,1,4,825000
1112,3,219,0,2,4,4,4,34,1,1,0,4,349000
1113,32,273,0,4,2,3,15,64,1,2,0,4,507000
1114,19,131,0,4,2,4,6,70,1,2,0,4,495000
1115,13,229,0,4,0,4,4,79,1,1,0,4,475000
1116,8,70,0,4,0,3,4,61,1,2,0,4,330000
1117,7,144,0,4,5,4,4,60,2,1,0,7,1150000
1118,8,143,0,2,0,5,6,58,1,2,0,4,369000
1119,19,109,0,4,3,4,10,64,1,1,0,4,699000
1120,8,245,0,4,0,4,6,68,1,2,0,4,216000
1121,8,245,0,2,0,5,4,70,2,2,0,4,400000
1122,23,303,0,4,7,5,10,64,2,2,0,4,545000
1123,13,120,0,2,3,4,2,53,1,1,0,4,193000
1124,8,57,0,4,0,6,6,70,1,2,0,4,193000
1125,3,70,0,2,2,3,16,30,1,2,0,4,280000
1126,22,96,0,1,4,3,18,8,1,1,0,4,258000
1127,13,292,0,2,7,4,16,64,1,1,0,4,185000
1128,16,174,0,2,4,2,4,26,1,1,0,4,380000
1129,3,151,0,4,2,3,16,57,1,1,0,4,290000
1130,13,202,0,2,0,5,16,30,1,1,0,4,210000
1131,8,70,0,2,0,3,16,44,1,2,0,4,139000
1132,27,7,0,2,0,5,4,34,1,1,0,4,467000
1133,22,22,0,2,4,3,9,10,1,1,0,4,399000
1134,2,69,0,4,4,5,10,61,1,1,0,4,300000
1135,32,133,0,2,4,2,6,44,1,1,0,4,265000
1136,8,245,0,2,5,5,18,44,1,1,0,4,305000
1137,8,245,0,2,7,4,9,44,1,1,0,4,500000
1138,8,143,0,2,6,3,6,49,1,1,0,0,459000
1139,21,66,0,2,0,3,2,39,1,1,0,4,620000
1140,33,61,0,4,7,4,6,61,1,1,0,4,1000000
1141,28,227,0,2,7,4,2,44,1,1,0,4,415000
1142,8,8,0,4,6,7,11,96,2,1,0,4,1475000
1143,21,66,0,4,6,5,4,77,1,1,0,4,1250000
1144,3,267,0,4,0,5,6,64,1,1,0,4,815000
1145,8,245,0,2,0,3,16,39,1,1,0,4,329999
1146,21,294,0,2,5,2,18,30,1,1,0,4,380000
1147,35,157,0,1,5,4,2,14,1,1,0,4,425000
1148,33,287,0,2,0,2,4,26,1,1,0,4,550000
1149,33,287,0,6,0,2,6,53,1,1,0,4,700000
1150,17,130,0,6,0,3,9,77,2,2,0,4,1100000
1151,1,294,0,4,2,4,18,57,1,1,0,4,429000
1152,17,130,0,2,0,3,6,18,1,1,0,4,820000
1153,1,300,0,4,7,4,9,67,1,1,0,4,910000
1154,17,130,0,1,0,3,16,5,1,1,0,4,360000
1155,22,158,0,2,4,3,18,44,1,1,0,4,375000
1156,0,25,0,3,7,4,9,70,2,1,0,4,395000
1157,24,253,0,4,0,3,4,77,2,1,0,4,750000
1158,21,95,0,1,4,5,16,14,1,1,0,4,175000
1159,4,269,0,2,3,3,6,26,1,1,0,4,1220000
1160,8,245,0,2,0,3,2,44,1,1,0,4,379999
1161,2,174,0,2,4,3,2,44,1,1,0,4,330000
1162,2,24,0,4,4,4,6,70,1,1,0,4,390000
1163,32,293,0,4,2,6,12,53,1,2,0,4,650000
1164,7,144,0,1,7,2,18,4,1,1,0,7,350000
1165,14,296,0,8,6,4,9,79,2,2,0,4,600000
1166,15,231,0,2,4,4,6,18,1,1,0,4,320000
1167,3,95,0,4,4,5,9,74,1,1,0,4,565000
1168,10,184,0,2,4,4,18,23,1,1,0,4,650000
1169,7,144,0,2,5,7,6,34,2,1,0,7,870000
1170,29,37,0,2,6,4,4,32,1,1,0,4,307000
1171,15,16,0,2,4,3,4,43,2,1,0,4,780000
1172,0,25,0,2,0,4,18,23,1,1,0,4,280000
1173,3,304,0,4,2,4,6,61,1,1,0,4,590000
1174,3,95,0,8,2,3,4,79,2,1,0,4,830000
1175,33,287,0,2,0,2,4,26,1,1,0,4,495000
1176,24,294,0,2,7,3,22,61,1,1,0,4,430000
1177,21,29,0,2,7,14,3,20,1,1,0,7,690000
1178,24,262,0,2,0,4,0,37,1,1,0,4,400000
1179,23,95,0,2,2,4,9,53,1,1,0,4,330000
1180,28,297,0,4,0,4,4,70,2,2,0,4,900000
1181,20,277,0,1,7,4,4,14,1,1,0,4,400000
1182,23,74,0,2,4,4,4,49,1,1,0,4,625000
1183,18,208,0,4,2,9,9,64,1,1,0,4,950000
1184,19,246,0,4,2,4,4,61,1,1,0,4,580000
1185,8,8,0,2,3,8,11,90,2,1,0,4,930000
1186,33,21,0,4,4,7,9,62,1,1,1,8,1150000
1187,23,50,0,2,0,5,6,23,1,1,0,4,750000
1188,35,105,0,4,7,5,4,61,1,1,0,8,550000
1189,13,206,0,4,6,5,18,53,1,2,0,4,395000
1190,11,33,0,8,4,2,19,97,2,2,0,4,1550000
1191,15,178,0,0,4,4,18,0,0,0,0,1,80000
1192,21,70,0,2,4,3,6,44,1,2,0,4,415000
1193,13,11,0,4,7,29,6,92,2,2,0,4,1365000
1194,21,90,0,2,0,13,3,67,1,1,0,4,1150000
1195,2,108,0,7,2,2,6,95,2,2,0,4,1195000
1196,13,70,0,2,0,11,12,64,2,1,0,4,279000
1197,10,73,0,2,4,3,9,34,1,1,0,4,850000
1198,23,127,0,4,2,8,2,77,2,1,0,4,647500
1199,23,127,0,4,2,8,13,77,2,1,0,4,682500
1200,23,127,0,4,2,8,12,77,2,1,0,4,679000
1201,31,70,0,1,6,5,16,14,1,1,0,4,182000
1202,10,73,0,2,4,4,6,49,1,1,0,4,850000
1203,19,244,0,4,0,4,4,64,1,1,0,4,750000
1204,13,202,0,4,7,12,2,79,1,1,0,4,600000
1205,21,29,0,2,7,14,3,20,1,1,0,7,640000
1206,11,239,0,7,6,4,21,118,2,2,0,0,845000
1207,32,78,0,2,1,12,12,49,1,1,0,7,815000
1208,2,69,0,2,7,3,18,30,1,1,0,4,530000
1209,26,251,0,6,3,5,9,81,2,1,0,4,1170000
1210,11,90,0,6,7,4,16,83,2,1,0,4,1375000
1211,27,191,0,2,0,5,18,61,1,1,0,4,370000
1212,3,151,0,4,2,4,9,70,2,2,0,4,550000
1213,2,174,0,4,6,4,9,61,2,2,0,4,970000
1214,33,215,0,1,4,3,2,23,1,1,0,4,400000
1215,19,131,0,2,6,3,4,39,1,1,0,4,443000
1216,32,27,0,2,7,5,10,23,1,1,0,4,580000
1217,32,33,0,2,3,8,9,33,1,1,0,4,849500
1218,32,29,0,2,2,2,2,26,1,1,0,4,580000
1219,8,8,0,4,2,14,4,93,2,1,1,4,939500
1220,8,70,0,2,0,5,16,34,1,1,0,4,255000
1221,8,70,0,2,0,5,18,44,1,2,0,4,243000
1222,18,91,0,2,6,6,2,39,1,1,0,4,1455000
1223,22,35,0,3,6,3,9,67,1,1,0,4,800000
1224,22,52,0,2,4,4,16,34,1,1,0,4,475000
1225,2,69,0,2,1,5,9,53,1,1,0,4,179000
1226,24,262,0,2,3,2,21,53,1,2,0,4,365000
1227,8,143,0,2,6,4,16,49,1,1,0,0,349000
1228,8,70,0,4,3,6,11,67,2,2,0,4,299000
1229,19,153,0,2,4,3,6,57,2,1,0,4,805000
1230,27,191,0,2,1,4,18,44,1,1,0,4,270000
1231,28,3,0,2,2,4,16,39,1,1,0,4,242000
1232,1,294,0,6,7,4,9,79,2,1,0,4,850000
1233,7,144,0,2,6,8,18,52,2,1,0,7,1070000
1234,22,22,0,1,5,3,18,10,1,1,0,4,595000
1235,21,228,0,4,4,2,2,79,1,1,0,4,525000
1236,25,174,0,2,4,3,2,30,1,1,0,4,620000
1237,24,197,0,4,7,8,4,65,2,1,0,7,895000
1238,35,105,0,2,6,3,6,26,1,1,0,4,695000
1239,28,86,0,9,0,4,10,91,1,1,0,4,995000
1240,28,86,0,4,0,4,4,39,2,1,0,4,750000
1241,3,219,0,2,4,4,18,26,1,1,0,4,295000
1242,13,90,0,2,7,4,6,44,1,1,0,4,329000
1243,28,86,0,2,0,4,2,31,1,1,0,4,650000
1244,23,256,0,4,2,9,6,64,1,1,1,4,480000
1245,3,252,0,2,2,3,6,57,1,2,0,4,639000
1246,15,249,0,2,4,4,9,49,1,1,0,0,500000
1247,13,172,0,2,0,5,6,53,1,1,0,4,499000
1248,28,101,0,2,2,4,18,30,1,1,0,4,209000
1249,29,298,0,2,0,4,18,34,1,1,0,4,740000
1250,3,252,0,1,1,12,4,8,1,1,0,7,575000
1251,8,143,0,2,0,6,10,53,1,2,0,4,220000
1252,13,131,0,2,0,5,4,53,1,1,0,4,329000
1253,21,171,0,2,2,3,18,26,2,1,0,4,180000
1254,17,130,0,5,4,4,4,67,1,1,0,5,650000
1255,1,256,0,4,0,6,6,74,2,1,0,4,1550000
1256,16,46,0,4,7,14,2,81,2,1,0,7,1435000
1257,32,233,0,9,2,3,21,113,2,2,0,4,1400000
1258,24,207,0,2,0,4,4,34,1,1,0,4,480000
1259,11,203,0,2,7,5,2,61,2,1,0,4,750000
1260,31,171,0,2,7,3,16,53,2,2,0,4,300000
1261,22,22,0,2,6,4,18,23,1,1,0,4,625000
1262,5,264,0,7,6,2,21,97,2,2,0,4,1400000
1263,35,94,0,4,2,4,6,81,1,1,0,8,1475000
1264,32,33,0,2,4,2,6,44,1,1,0,4,475000
1265,0,126,0,6,7,4,10,77,2,2,0,4,630000
1266,13,190,0,2,6,5,2,53,1,1,0,4,320000
1267,13,120,0,2,0,5,4,39,1,1,0,4,297500
1268,8,70,0,2,0,14,13,53,1,1,0,4,219000
1269,8,245,0,2,0,6,9,53,1,1,0,4,215000
1270,13,282,0,2,7,3,2,34,1,1,0,4,262000
1271,8,48,0,4,4,13,3,74,1,2,0,8,680000
1272,20,278,0,2,4,3,2,34,1,1,0,4,350000
1273,13,214,0,2,7,3,16,39,1,1,0,4,162000
1274,31,227,0,2,7,5,10,41,2,1,0,4,515000
1275,14,284,0,2,3,4,4,34,1,1,0,4,530000
1276,28,3,0,2,0,4,16,30,1,1,0,4,275000
1277,28,3,0,2,6,4,16,34,1,1,0,4,280000
1278,3,220,0,2,0,3,2,45,1,1,0,4,725000
1279,32,189,0,3,7,4,21,61,2,2,0,4,580000
1280,3,220,0,4,4,5,4,67,2,1,0,4,575000
1281,18,155,0,4,4,7,4,64,2,1,0,7,1550000
1282,14,80,0,2,7,4,9,44,1,1,0,4,670000
1283,14,80,0,6,7,2,6,83,2,1,0,4,1000000
1284,3,267,0,2,4,4,2,53,1,1,0,4,420000
1285,32,171,0,2,0,19,6,57,1,1,0,7,850000
1286,2,69,0,2,7,2,16,23,1,1,0,4,340000
1287,24,90,0,6,3,2,15,74,1,1,0,4,550000
1288,32,293,0,7,2,3,9,81,3,1,0,4,850000
1289,14,284,0,2,3,4,4,30,1,1,0,4,430000
1290,32,247,0,2,6,4,18,30,1,1,0,4,540000
1291,19,195,0,1,4,3,18,14,1,1,0,4,185000
